message,category
URGENT: I'd like to provide feedback on your website Best regards,general
"Hi, I need to update my personal information Looking forward to your response.",hr
"Hi, I need information about the retirement plan Best regards",hr
"Dear Support Team, Can you add me to your mailing list Appreciate your help.",general
Quick question: There's an error in my billing statement Appreciate your help.,billing
"Hi, I need information about the retirement plan",hr
Quick question: I can't find the export feature,support
Need help: I need pricing for annual vs monthly plans Please help.,sales
URGENT: Do you offer volume discounts This is urgent.,sales
"Hello, I have a question about my benefits package",hr
"Hi, I have questions about intellectual property rights",legal
Quick question: There's an error in my billing statement Looking forward to your response.,billing
I'd like to schedule a product demo Thanks!,sales
Need help: I want to file a formal complaint Thanks!,complaint
"Hi, The application keeps crashing when I click submit Appreciate your help.",support
"Dear Support Team, I need access to the shared drive Looking forward to your response.",it
I've been waiting for weeks with no response Thanks!,complaint
Quick question: This is completely unacceptable service Thanks!,complaint
URGENT: I need to update my personal information,hr
"Hi, Can you send me a copy of our contract Please help.",legal
"Hi, I need to cancel my subscription and get a refund Best regards",billing
URGENT: Can you send me a copy of our contract Best regards,legal
Need help: I can't find the export feature,support
"Dear Support Team, Where is your office located Thank you for your assistance.",general
"Good morning, I was charged twice for my subscription Best regards",billing
I'd like to provide feedback on your website,general
"Hi, Can you clarify the liability clause Appreciate your help.",legal
"Good morning, Can you tell me more about your company",general
Quick question: I need help configuring the settings Please help.,support
"Good morning, This is not what was promised to me Best regards",complaint
"Hi, I want to file a formal complaint Thank you for your assistance.",complaint
Need help: Where is your office located Appreciate your help.,general
Need help: Can you provide a quote for 100 licenses Thank you for your assistance.,sales
Quick question: I can't find the export feature Please help.,support
"Hello, I want to discuss a partnership opportunity Please respond ASAP.",sales
"Dear Support Team, I have a question about my benefits package This is urgent.",hr
Quick question: The system is running very slowly Please help.,support
"Good morning, Can you provide a quote for 100 licenses Please help.",sales
"Dear Support Team, What are your pricing options for small businesses Looking forward to your response.",sales
What's included in the professional tier Thank you for your assistance.,sales
"Hello, Can you send me a copy of our contract Appreciate your help.",legal
Quick question: I need permissions for the database Best regards,it
URGENT: Can you send me an invoice for my recent purchase Best regards,billing
Quick question: Can you help me set up my new work phone Thank you for your assistance.,it
Quick question: I need to cancel my subscription and get a refund This is urgent.,billing
"Hello, Can you send me my employment verification letter Thanks!",hr
URGENT: I can't access the internal portal Thank you for your assistance.,it
Can you provide a quote for 100 licenses Looking forward to your response.,sales
Need help: My email is not syncing properly Please help.,it
I want to enroll in the health insurance plan Please help.,hr
"Hello, Can you add me to your mailing list Looking forward to your response.",general
Need help: Can I change my direct deposit information Looking forward to your response.,hr
Need help: I need software installed on my laptop Appreciate your help.,it
URGENT: The system is running very slowly Please help.,support
"Hello, I want to enroll in the health insurance plan Thank you for your assistance.",hr
URGENT: How do I reset my password Looking forward to your response.,support
"Hi, Can you send me an invoice for my recent purchase Please respond ASAP.",billing
"Good morning, I need the NDA template This is urgent.",legal
"Dear Support Team, What are your pricing options for small businesses This is urgent.",sales
"Hi, I was charged twice for my subscription This is urgent.",billing
"Dear Support Team, I want to report a potential compliance issue Looking forward to your response.",legal
URGENT: I need help configuring the settings Thanks!,support
Your staff was rude and unprofessional Appreciate your help.,complaint
"Good morning, I can't find the export feature Appreciate your help.",support
"Dear Support Team, This is completely unacceptable service",complaint
Your product quality has significantly declined Please respond ASAP.,complaint
"Good morning, We're looking to upgrade our current subscription Please respond ASAP.",sales
"Hi, I can't access the internal portal Please help.",it
"Good morning, I'd like to schedule a product demo Best regards",sales
"Dear Support Team, What's included in the professional tier",sales
"Dear Support Team, I have a general question about your services",general
"Hi, I want to discuss a partnership opportunity Thank you for your assistance.",sales
Need help: I was charged twice for my subscription Best regards,billing
"Hi, I need to report a workplace concern Please respond ASAP.",hr
"Hello, I want to discuss a partnership opportunity",sales
"Hello, Your staff was rude and unprofessional Please help.",complaint
"Hello, The application keeps crashing when I click submit Please respond ASAP.",support
Need help: Can you reset my network password Please respond ASAP.,it
"Hello, Can you tell me more about your company Please help.",general
"Dear Support Team, I have a question about my benefits package Thank you for your assistance.",hr
URGENT: Can I change my direct deposit information Thanks!,hr
"Hi, I need legal approval for this vendor agreement Thank you for your assistance.",legal
"Hello, I have a general question about your services Looking forward to your response.",general
"Dear Support Team, I need information about the retirement plan",hr
Need help: Can you add me to your mailing list,general
"Hello, I'm getting an error message that says connection failed This is urgent.",support
URGENT: Can I request time off for next week Best regards,hr
Need help: I'm interested in purchasing your enterprise plan Looking forward to your response.,sales
"Good morning, When will my refund be processed",billing
Need help: I need permissions for the database Best regards,it
Need help: Can you provide a quote for 100 licenses Appreciate your help.,sales
"Good morning, Do you have a mobile app Appreciate your help.",general
"Hello, There's an error in my billing statement Appreciate your help.",billing
URGENT: The printer is not working Best regards,it
"Good morning, There's an error in my billing statement Please help.",billing
"Good morning, The page is showing a 404 error Please respond ASAP.",support
What's included in the professional tier Appreciate your help.,sales
"Hi, I'm considering legal action if this isn't resolved Looking forward to your response.",complaint
"Hello, Can I get a receipt for tax purposes This is urgent.",billing
"Hi, I don't recognize this charge on my statement Best regards",billing
"Hello, Can you help me understand how to use this feature This is urgent.",support
URGENT: Can you tell me more about your company Appreciate your help.,general
URGENT: What are your business hours Please respond ASAP.,general
Quick question: Can you provide a quote for 100 licenses This is urgent.,sales
"Dear Support Team, I demand to speak with a manager immediately Please help.",complaint
"Good morning, Can you send me information about your premium features Appreciate your help.",sales
"Hi, My computer won't connect to the VPN Please respond ASAP.",it
Quick question: There's an error in my billing statement Best regards,billing
"Hello, I have a question about my benefits package Please help.",hr
Quick question: I need information about the retirement plan Looking forward to your response.,hr
"Hi, Can you provide a quote for 100 licenses Please respond ASAP.",sales
The application keeps crashing when I click submit,support
URGENT: I have concerns about data privacy compliance Please respond ASAP.,legal
"Dear Support Team, My computer won't connect to the VPN Best regards",it
"Hello, Where is your office located Thank you for your assistance.",general
I'd like to provide feedback on your website This is urgent.,general
"Dear Support Team, This is completely unacceptable service Looking forward to your response.",complaint
Quick question: There's an error in my billing statement Please respond ASAP.,billing
"Hello, I need to request parental leave Please help.",hr
Can you add me to your mailing list Appreciate your help.,general
Quick question: I have questions about intellectual property rights This is urgent.,legal
"Hi, I'm considering legal action if this isn't resolved Please respond ASAP.",complaint
"Hi, Your product quality has significantly declined Please respond ASAP.",complaint
URGENT: I need the NDA template Best regards,legal
"Hello, Can you send me information about your premium features Thank you for your assistance.",sales
Can you add me to your mailing list Best regards,general
"Hello, I can't find the export feature Please help.",support
Quick question: I have concerns about data privacy compliance Thanks!,legal
URGENT: I need legal guidance on this customer dispute Thank you for your assistance.,legal
Quick question: Can I request time off for next week Thanks!,hr
"Hello, Can you review this partnership agreement Thank you for your assistance.",legal
"Dear Support Team, I need legal guidance on this customer dispute Best regards",legal
URGENT: I have concerns about data privacy compliance,legal
Need help: I want to update my payment method Please respond ASAP.,billing
"Dear Support Team, I need software installed on my laptop Appreciate your help.",it
"Dear Support Team, I've been waiting for weeks with no response Looking forward to your response.",complaint
URGENT: This is completely unacceptable service Please help.,complaint
"Dear Support Team, Can you add me to your mailing list Best regards",general
"Hello, How can I contact customer service",general
"Good morning, What are your business hours This is urgent.",general
"Hi, I need to request parental leave This is urgent.",hr
"Hello, When will my refund be processed Looking forward to your response.",billing
URGENT: Your staff was rude and unprofessional Please respond ASAP.,complaint
How do I reset my password This is urgent.,support
URGENT: How do I reset my password Please respond ASAP.,support
Need help: I'm getting an error message that says connection failed Looking forward to your response.,support
"Dear Support Team, Can I get a receipt for tax purposes Please help.",billing
"Dear Support Team, We're looking to upgrade our current subscription Best regards",sales
"Hi, My email is not syncing properly",it
"Dear Support Team, Can you add me to your mailing list This is urgent.",general
"Hi, I need access to the shared drive Please help.",it
"Hello, Can you review this partnership agreement",legal
"Hi, I need software installed on my laptop Best regards",it
"Good morning, What are your business hours Thanks!",general
"Hello, Can you send me an invoice for my recent purchase This is urgent.",billing
"Dear Support Team, I'm getting an error message that says connection failed This is urgent.",support
Need help: I need the NDA template Please respond ASAP.,legal
Quick question: What are your pricing options for small businesses Appreciate your help.,sales
URGENT: What are your pricing options for small businesses Appreciate your help.,sales
"Hi, I'd like to schedule a product demo This is urgent.",sales
URGENT: Can I get a receipt for tax purposes Appreciate your help.,billing
"Hi, Do you offer training sessions Best regards",general
"Dear Support Team, What are your pricing options for small businesses Best regards",sales
"Hello, I want to discuss a partnership opportunity Please help.",sales
"Dear Support Team, I need a refund for last month's payment Please respond ASAP.",billing
URGENT: Can you send me a copy of our contract Appreciate your help.,legal
"Dear Support Team, I can't access the internal portal",it
URGENT: Can you send me my employment verification letter,hr
"Dear Support Team, Can you review this partnership agreement Looking forward to your response.",legal
"Hello, Can you send me a copy of our contract Thank you for your assistance.",legal
URGENT: My computer won't connect to the VPN Thanks!,it
URGENT: The system is running very slowly Appreciate your help.,support
"Hi, Can you send me a copy of our contract Thanks!",legal
"Dear Support Team, I want to enroll in the health insurance plan Thank you for your assistance.",hr
URGENT: This is completely unacceptable service Please help.,complaint
Need help: Can you send me information about your premium features Looking forward to your response.,sales
URGENT: I'd like to schedule a product demo Thanks!,sales
URGENT: I have a suggestion for improvement Please help.,general
"Dear Support Team, I need software installed on my laptop Best regards",it
"Dear Support Team, Can you send me my employment verification letter",hr
Can you reset my network password Thank you for your assistance.,it
"Dear Support Team, I want to report a potential compliance issue Best regards",legal
Quick question: Can I request time off for next week,hr
Need help: The page is showing a 404 error Best regards,support
"Hello, Can you review this partnership agreement Thanks!",legal
"Good morning, I need the NDA template Thanks!",legal
"Hi, There's an error in my billing statement This is urgent.",billing
"Good morning, Can you tell me more about your company Appreciate your help.",general
"Hello, Can you send me information about your premium features Looking forward to your response.",sales
"Good morning, I want to enroll in the health insurance plan Appreciate your help.",hr
"Good morning, Can you send me my employment verification letter Looking forward to your response.",hr
Need help: I need permissions for the database Please help.,it
"Dear Support Team, I'd like to provide feedback on your website",general
"Hello, My email is not syncing properly Thank you for your assistance.",it
Need help: I need help configuring the settings Looking forward to your response.,support
"Hello, I need to report a workplace concern Thank you for your assistance.",hr
Need help: I've been waiting for weeks with no response,complaint
Quick question: I was charged twice for my subscription Thank you for your assistance.,billing
Quick question: I want to enroll in the health insurance plan Appreciate your help.,hr
URGENT: Can you help me understand how to use this feature Appreciate your help.,support
"Hello, Can I request time off for next week Please respond ASAP.",hr
"Dear Support Team, I was charged twice for my subscription",billing
"Hello, What are your pricing options for small businesses Please help.",sales
"Hello, I need a refund for last month's payment Please respond ASAP.",billing
URGENT: This is completely unacceptable service,complaint
Quick question: Can I get a receipt for tax purposes This is urgent.,billing
"Good morning, I've been waiting for weeks with no response",complaint
"Hi, The page is showing a 404 error This is urgent.",support
"Dear Support Team, What are your pricing options for small businesses Thank you for your assistance.",sales
URGENT: My email is not syncing properly Please help.,it
"Good morning, I can't find the export feature Please respond ASAP.",support
"Good morning, The printer is not working Appreciate your help.",it
Need help: What are your pricing options for small businesses Thank you for your assistance.,sales
URGENT: I need software installed on my laptop,it
"Dear Support Team, The printer is not working Thank you for your assistance.",it
"Dear Support Team, Can I get a receipt for tax purposes Please respond ASAP.",billing
"Dear Support Team, What are your pricing options for small businesses Thank you for your assistance.",sales
Need help: I need to cancel my subscription and get a refund Best regards,billing
"Hi, I need a refund for last month's payment Looking forward to your response.",billing
"Hello, The application keeps crashing when I click submit This is urgent.",support
Quick question: I want to file a formal complaint Thank you for your assistance.,complaint
URGENT: How do I reset my password Please respond ASAP.,support
"Hello, I need legal approval for this vendor agreement Appreciate your help.",legal
"Hello, I have a general question about your services Thank you for your assistance.",general
"Good morning, We're looking to upgrade our current subscription Best regards",sales
"Good morning, Can you send me information about your premium features This is urgent.",sales
"Good morning, What are your business hours Looking forward to your response.",general
Quick question: I need to review the terms of service Appreciate your help.,legal
"Dear Support Team, I need legal approval for this vendor agreement",legal
"Dear Support Team, What are your business hours",general
URGENT: Your staff was rude and unprofessional Thank you for your assistance.,complaint
"Good morning, Do you have a mobile app Best regards",general
"Dear Support Team, We're looking to upgrade our current subscription Please respond ASAP.",sales
Quick question: What's included in the professional tier Appreciate your help.,sales
I need help configuring the settings Please respond ASAP.,support
Quick question: I need legal guidance on this customer dispute Thank you for your assistance.,legal
URGENT: There's an error in my billing statement Thank you for your assistance.,billing
"Hi, I'm getting an error message that says connection failed Thanks!",support
I want to update my payment method Appreciate your help.,billing
Need help: I need to report a workplace concern Please help.,hr
"Good morning, Can I request time off for next week Please help.",hr
"Hello, We're looking to upgrade our current subscription Best regards",sales
"Hello, I need to report a workplace concern",hr
Quick question: I need access to the shared drive,it
Quick question: The mobile app won't sync with the web version Thanks!,support
Need help: I'm considering legal action if this isn't resolved Please respond ASAP.,complaint
Need help: I can't access the internal portal Please help.,it
Need help: I have a general question about your services Thanks!,general
"Good morning, I have questions about intellectual property rights Thank you for your assistance.",legal
"Good morning, I need legal approval for this vendor agreement Please respond ASAP.",legal
Quick question: I need information about the retirement plan Appreciate your help.,hr
"Dear Support Team, The video conferencing tool keeps disconnecting Thanks!",it
"Hello, Can you review this partnership agreement Thanks!",legal
URGENT: I need to cancel my subscription and get a refund Thanks!,billing
"Dear Support Team, I need pricing for annual vs monthly plans Thanks!",sales
"Hi, Can I change my direct deposit information Best regards",hr
"Good morning, I want to discuss a partnership opportunity Please respond ASAP.",sales
Need help: I need a refund for last month's payment Please help.,billing
URGENT: Can you add me to your mailing list Thanks!,general
"Good morning, This is the worst customer experience I've ever had Thank you for your assistance.",complaint
URGENT: The page is showing a 404 error Appreciate your help.,support
"Hello, The video conferencing tool keeps disconnecting Best regards",it
"Dear Support Team, This is the worst customer experience I've ever had",complaint
"Good morning, I can't access the internal portal Looking forward to your response.",it
"Good morning, Can you clarify the liability clause",legal
"Dear Support Team, I'd like to provide feedback on your website Best regards",general
Quick question: Can I change my direct deposit information Thank you for your assistance.,hr
"Hi, I'd like to provide feedback on your website Looking forward to your response.",general
"Hi, I have a question about my benefits package Please respond ASAP.",hr
"Good morning, I can't find the export feature This is urgent.",support
I'm getting an error message that says connection failed Best regards,support
I am extremely disappointed with your company This is urgent.,complaint
Quick question: Your product quality has significantly declined Appreciate your help.,complaint
"Dear Support Team, Can I get a receipt for tax purposes",billing
Need help: I need software installed on my laptop Looking forward to your response.,it
URGENT: I need access to the shared drive Please help.,it
Where is your office located Thanks!,general
"Hello, I'd like to provide feedback on your website Please respond ASAP.",general
URGENT: The system is running very slowly Looking forward to your response.,support
URGENT: How do I reset my password Appreciate your help.,support
"Dear Support Team, Can you help me set up my new work phone Thanks!",it
Need help: What's included in the professional tier Thank you for your assistance.,sales
I want to update my payment method This is urgent.,billing
"Hello, Your staff was rude and unprofessional Looking forward to your response.",complaint
"Good morning, Can you provide a quote for 100 licenses Looking forward to your response.",sales
Need help: I'm interested in purchasing your enterprise plan Please help.,sales
I demand to speak with a manager immediately Looking forward to your response.,complaint
URGENT: My credit card was declined but I was still charged Thanks!,billing
"Hello, I'm considering legal action if this isn't resolved Thank you for your assistance.",complaint
Quick question: I demand to speak with a manager immediately,complaint
"Good morning, I want to enroll in the health insurance plan Best regards",hr
"Good morning, The printer is not working",it
"Good morning, Can I change my direct deposit information Looking forward to your response.",hr
"Hello, The application keeps crashing when I click submit Please respond ASAP.",support
"Good morning, The mobile app won't sync with the web version Best regards",support
Need help: Where is your office located Please respond ASAP.,general
"Good morning, Can I request time off for next week Please help.",hr
Quick question: I'm having trouble logging into my account,support
"Dear Support Team, Can you help me set up my new work phone Best regards",it
"Hi, There's an error in my billing statement Best regards",billing
What's included in the professional tier Thanks!,sales
"Hello, Your product quality has significantly declined This is urgent.",complaint
Quick question: Can I get a receipt for tax purposes This is urgent.,billing
"Good morning, I have a question about the company policy Thank you for your assistance.",hr
"Hi, I need pricing for annual vs monthly plans This is urgent.",sales
I need software installed on my laptop Please help.,it
"Hello, I need information about the retirement plan This is urgent.",hr
"Hi, I can't access the internal portal This is urgent.",it
"Good morning, Can you add me to your mailing list Please help.",general
"Dear Support Team, I need a refund for last month's payment Looking forward to your response.",billing
Need help: I need legal approval for this vendor agreement Looking forward to your response.,legal
"Hello, I'd like to provide feedback on your website Thanks!",general
Need help: I need to request parental leave Looking forward to your response.,hr
"Dear Support Team, I'm getting an error message that says connection failed This is urgent.",support
I was charged twice for my subscription Please respond ASAP.,billing
URGENT: I need to request parental leave Please help.,hr
"Dear Support Team, I want to report a potential compliance issue Looking forward to your response.",legal
"Dear Support Team, I have concerns about data privacy compliance Looking forward to your response.",legal
"Good morning, The video conferencing tool keeps disconnecting",it
"Hi, I can't access the internal portal Appreciate your help.",it
"Dear Support Team, We're looking to upgrade our current subscription Please respond ASAP.",sales
Quick question: Do you offer volume discounts This is urgent.,sales
"Hello, I need access to the shared drive",it
Quick question: I have a general question about your services This is urgent.,general
Need help: I have concerns about data privacy compliance,legal
We're looking to upgrade our current subscription This is urgent.,sales
"Hi, I want to discuss a partnership opportunity Best regards",sales
Need help: Can you add me to your mailing list Thank you for your assistance.,general
"Good morning, I have a general question about your services Thanks!",general
"Dear Support Team, What are your pricing options for small businesses This is urgent.",sales
Need help: The video conferencing tool keeps disconnecting Please respond ASAP.,it
Quick question: I can't access the internal portal Best regards,it
"Hi, I need to report a workplace concern Looking forward to your response.",hr
Quick question: I want to enroll in the health insurance plan Thank you for your assistance.,hr
"Dear Support Team, I need the NDA template",legal
URGENT: This is completely unacceptable service Thanks!,complaint
"Dear Support Team, My computer won't connect to the VPN Best regards",it
Quick question: I want to update my payment method,billing
"Good morning, What's included in the professional tier Thank you for your assistance.",sales
"Dear Support Team, This is completely unacceptable service Thanks!",complaint
"Hi, Can I change my direct deposit information This is urgent.",hr
"Hi, I'd like to schedule a product demo Appreciate your help.",sales
"Dear Support Team, There's an error in my billing statement",billing
Quick question: I want to discuss a partnership opportunity Please respond ASAP.,sales
"Hello, Can you help me understand how to use this feature This is urgent.",support
"Hi, Can you send me an invoice for my recent purchase Looking forward to your response.",billing
"Hello, What are your business hours Thank you for your assistance.",general
"Hello, My credit card was declined but I was still charged Thanks!",billing
"Dear Support Team, I've been waiting for weeks with no response Looking forward to your response.",complaint
Need help: Can you send me a copy of our contract Thank you for your assistance.,legal
I need a refund for last month's payment Please help.,billing
URGENT: Your product quality has significantly declined,complaint
"Good morning, The video conferencing tool keeps disconnecting Please respond ASAP.",it
Quick question: Where is your office located Looking forward to your response.,general
URGENT: This is the worst customer experience I've ever had Thanks!,complaint
URGENT: What are your pricing options for small businesses Thanks!,sales
"Good morning, Can you reset my network password Please help.",it
"Good morning, I was charged twice for my subscription Looking forward to your response.",billing
"Hi, I'd like to provide feedback on your website Looking forward to your response.",general
"Dear Support Team, I want to update my payment method Best regards",billing
"Good morning, I have a question about the company policy This is urgent.",hr
"Hello, I need to cancel my subscription and get a refund Looking forward to your response.",billing
Can you send me a copy of our contract Please respond ASAP.,legal
URGENT: Your product quality has significantly declined Appreciate your help.,complaint
Need help: The application keeps crashing when I click submit Appreciate your help.,support
"Good morning, My email is not syncing properly Please help.",it
Quick question: I need to review the terms of service Thank you for your assistance.,legal
Need help: I want to update my payment method Please respond ASAP.,billing
URGENT: Can you reset my network password Please respond ASAP.,it
Quick question: Your product quality has significantly declined Please respond ASAP.,complaint
URGENT: The mobile app won't sync with the web version Thanks!,support
"Hello, I need to review the terms of service Best regards",legal
Need help: I'd like to schedule a product demo Thanks!,sales
"Hi, I am extremely disappointed with your company Thank you for your assistance.",complaint
"Hello, I have a suggestion for improvement Looking forward to your response.",general
Need help: How do I reset my password This is urgent.,support
URGENT: Can you send me a copy of our contract Please help.,legal
Need help: This is completely unacceptable service Thanks!,complaint
"Hi, I'd like to provide feedback on your website Thank you for your assistance.",general
"Good morning, I don't recognize this charge on my statement",billing
Need help: Can you tell me more about your company Thank you for your assistance.,general
"Hi, I need the NDA template Appreciate your help.",legal
"Hi, My computer won't connect to the VPN Please help.",it
Quick question: I need legal approval for this vendor agreement Please help.,legal
Quick question: I need pricing for annual vs monthly plans Looking forward to your response.,sales
Need help: I have questions about intellectual property rights Thank you for your assistance.,legal
URGENT: What's included in the professional tier Thanks!,sales
URGENT: The mobile app won't sync with the web version This is urgent.,support
"Hi, Can I change my direct deposit information This is urgent.",hr
"Hello, I have a question about my benefits package Thanks!",hr
URGENT: I have questions about intellectual property rights Please respond ASAP.,legal
I have concerns about data privacy compliance,legal
"Good morning, Can you help me set up my new work phone Thanks!",it
"Hello, I want to discuss a partnership opportunity Best regards",sales
Quick question: The system is running very slowly Best regards,support
"Good morning, I'd like to provide feedback on your website",general
"Dear Support Team, I have questions about intellectual property rights Thanks!",legal
Can you review this partnership agreement Thank you for your assistance.,legal
"Hello, I have a question about the company policy Please help.",hr
Quick question: I want to file a formal complaint,complaint
Quick question: I want to enroll in the health insurance plan Please help.,hr
The application keeps crashing when I click submit Please respond ASAP.,support
I need to request parental leave Please help.,hr
Need help: Your staff was rude and unprofessional Best regards,complaint
Need help: My email is not syncing properly Please respond ASAP.,it
"Hello, Do you offer training sessions Best regards",general
Quick question: Do you offer volume discounts Please help.,sales
Do you offer training sessions Best regards,general
URGENT: I need information about the retirement plan Appreciate your help.,hr
Need help: Can you send me an invoice for my recent purchase This is urgent.,billing
My computer won't connect to the VPN,it
URGENT: I need to review the terms of service Looking forward to your response.,legal
"Good morning, The mobile app won't sync with the web version Looking forward to your response.",support
Need help: Where is your office located,general
URGENT: I need legal approval for this vendor agreement Looking forward to your response.,legal
I'd like to provide feedback on your website Looking forward to your response.,general
"Hello, The system is running very slowly This is urgent.",support
I want to file a formal complaint Thank you for your assistance.,complaint
URGENT: The video conferencing tool keeps disconnecting Thank you for your assistance.,it
"Good morning, The printer is not working Please help.",it
What are your business hours Please respond ASAP.,general
"Dear Support Team, How do I reset my password",support
"Hello, I've been waiting for weeks with no response Appreciate your help.",complaint
"Hello, I'm getting an error message that says connection failed This is urgent.",support
URGENT: I need help configuring the settings Appreciate your help.,support
Quick question: When will my refund be processed Thank you for your assistance.,billing
"Good morning, Can you reset my network password This is urgent.",it
URGENT: I have concerns about data privacy compliance Thanks!,legal
I'm having trouble logging into my account,support
"Dear Support Team, My email is not syncing properly Thanks!",it
Need help: The printer is not working Thanks!,it
Quick question: Can I change my direct deposit information Appreciate your help.,hr
Quick question: I have a question about the company policy This is urgent.,hr
Need help: I have a question about the company policy Thank you for your assistance.,hr
"Dear Support Team, Can you send me a copy of our contract Appreciate your help.",legal
The application keeps crashing when I click submit Looking forward to your response.,support
"Good morning, I don't recognize this charge on my statement This is urgent.",billing
"Hello, I want to update my payment method This is urgent.",billing
Quick question: The video conferencing tool keeps disconnecting Thanks!,it
"Dear Support Team, Can I request time off for next week",hr
Need help: Can you clarify the liability clause,legal
URGENT: I demand to speak with a manager immediately This is urgent.,complaint
"Good morning, Do you offer training sessions Thanks!",general
"Hello, I demand to speak with a manager immediately Best regards",complaint
"Hello, I'm considering legal action if this isn't resolved Thank you for your assistance.",complaint
Need help: How can I contact customer service Please help.,general
Need help: Your staff was rude and unprofessional Looking forward to your response.,complaint
"Good morning, The application keeps crashing when I click submit Please respond ASAP.",support
"Hi, Can you clarify the liability clause This is urgent.",legal
URGENT: Your staff was rude and unprofessional Thanks!,complaint
"Hi, I demand to speak with a manager immediately Please help.",complaint
I don't recognize this charge on my statement Thanks!,billing
URGENT: I need software installed on my laptop Looking forward to your response.,it
"Good morning, Do you offer volume discounts Looking forward to your response.",sales
URGENT: I need to cancel my subscription and get a refund Please respond ASAP.,billing
"Dear Support Team, The mobile app won't sync with the web version Appreciate your help.",support
Need help: Can you tell me more about your company Best regards,general
"Hi, I'm considering legal action if this isn't resolved Appreciate your help.",complaint
URGENT: I need a refund for last month's payment Thanks!,billing
"Hello, I have a general question about your services This is urgent.",general
"Dear Support Team, Can you review this partnership agreement Best regards",legal
Can you send me a copy of our contract Looking forward to your response.,legal
"Dear Support Team, The system is running very slowly Please help.",support
Quick question: Do you offer training sessions Thank you for your assistance.,general
"Hello, I need software installed on my laptop",it
Need help: How can I contact customer service,general
"Hi, Can you send me my employment verification letter Thanks!",hr
"Dear Support Team, Can you send me my employment verification letter Looking forward to your response.",hr
Need help: What's included in the professional tier Thank you for your assistance.,sales
"Hi, Can you clarify the liability clause Please help.",legal
Quick question: I demand to speak with a manager immediately Best regards,complaint
"Hi, I'm getting an error message that says connection failed This is urgent.",support
Quick question: I was charged twice for my subscription Please help.,billing
Quick question: Your product quality has significantly declined Appreciate your help.,complaint
Quick question: I've been waiting for weeks with no response,complaint
Quick question: Your staff was rude and unprofessional Best regards,complaint
"Dear Support Team, Your product quality has significantly declined",complaint
"Hi, Can you help me set up my new work phone Best regards",it
URGENT: I want to enroll in the health insurance plan Please help.,hr
URGENT: I need legal guidance on this customer dispute This is urgent.,legal
"Hello, The application keeps crashing when I click submit Best regards",support
"Hello, My credit card was declined but I was still charged Thank you for your assistance.",billing
URGENT: My credit card was declined but I was still charged Please help.,billing
"Good morning, I need to update my personal information Best regards",hr
Quick question: This is the worst customer experience I've ever had Please help.,complaint
"Good morning, Can you send me an invoice for my recent purchase This is urgent.",billing
"Good morning, I have a question about my benefits package Thanks!",hr
"Good morning, I'm having trouble logging into my account",support
Quick question: I need legal approval for this vendor agreement Appreciate your help.,legal
"Dear Support Team, Do you have a mobile app Please respond ASAP.",general
"Hi, When will my refund be processed",billing
Need help: I need software installed on my laptop Please help.,it
Quick question: Can I change my direct deposit information Thanks!,hr
Need help: There's an error in my billing statement Thank you for your assistance.,billing
"Dear Support Team, I've been waiting for weeks with no response Thank you for your assistance.",complaint
"Hi, I'm getting an error message that says connection failed This is urgent.",support
"Good morning, The page is showing a 404 error Please respond ASAP.",support
"Good morning, Can you add me to your mailing list Thank you for your assistance.",general
"Hello, Can I change my direct deposit information Please help.",hr
"Hello, Can you help me set up my new work phone Appreciate your help.",it
Quick question: The printer is not working Please respond ASAP.,it
Quick question: There's an error in my billing statement Looking forward to your response.,billing
I'd like to provide feedback on your website Please respond ASAP.,general
"Hello, Your staff was rude and unprofessional Thanks!",complaint
"Hi, Can you review this partnership agreement Please help.",legal
Need help: Can you help me set up my new work phone Please respond ASAP.,it
URGENT: I've been waiting for weeks with no response Thanks!,complaint
Quick question: I want to file a formal complaint Appreciate your help.,complaint
The page is showing a 404 error Appreciate your help.,support
I have a general question about your services This is urgent.,general
URGENT: Can you clarify the liability clause,legal
Quick question: I need to request parental leave Appreciate your help.,hr
URGENT: Where is your office located Best regards,general
I demand to speak with a manager immediately Please respond ASAP.,complaint
"Hello, I need help configuring the settings Best regards",support
"Hi, I have a question about the company policy This is urgent.",hr
"Dear Support Team, I can't find the export feature",support
Quick question: I'm interested in purchasing your enterprise plan,sales
I don't recognize this charge on my statement Please respond ASAP.,billing
"Good morning, Your staff was rude and unprofessional This is urgent.",complaint
Need help: I'm considering legal action if this isn't resolved Looking forward to your response.,complaint
URGENT: Do you offer training sessions Best regards,general
Quick question: The application keeps crashing when I click submit This is urgent.,support
Quick question: I need to request parental leave,hr
Need help: I need to review the terms of service,legal
Quick question: I demand to speak with a manager immediately Please help.,complaint
Quick question: Can I get a receipt for tax purposes Please respond ASAP.,billing
Quick question: My computer won't connect to the VPN This is urgent.,it
URGENT: My email is not syncing properly Please help.,it
"Good morning, I've been waiting for weeks with no response Looking forward to your response.",complaint
Need help: When will my refund be processed Appreciate your help.,billing
"Hello, What are your pricing options for small businesses Please help.",sales
Quick question: I'd like to provide feedback on your website,general
"Hello, Can you help me understand how to use this feature Appreciate your help.",support
"Good morning, I need legal approval for this vendor agreement Best regards",legal
URGENT: Your product quality has significantly declined Please respond ASAP.,complaint
"Dear Support Team, Can you provide a quote for 100 licenses Appreciate your help.",sales
Can you provide a quote for 100 licenses This is urgent.,sales
URGENT: I want to update my payment method Please respond ASAP.,billing
"Good morning, The application keeps crashing when I click submit Thanks!",support
Need help: Can you send me information about your premium features Best regards,sales
"Good morning, This is the worst customer experience I've ever had Please help.",complaint
"Hello, I want to update my payment method Looking forward to your response.",billing
"Dear Support Team, This is the worst customer experience I've ever had Best regards",complaint
Quick question: Can you reset my network password,it
"Hi, I need to report a workplace concern Please respond ASAP.",hr
Need help: Can you send me a copy of our contract Best regards,legal
Quick question: I need permissions for the database Appreciate your help.,it
Need help: I want to file a formal complaint Thanks!,complaint
"Hello, The system is running very slowly Appreciate your help.",support
Need help: I want to discuss a partnership opportunity Looking forward to your response.,sales
Need help: I need to review the terms of service This is urgent.,legal
URGENT: The mobile app won't sync with the web version Thank you for your assistance.,support
"Dear Support Team, Where is your office located This is urgent.",general
"Good morning, I demand to speak with a manager immediately",complaint
Quick question: We're looking to upgrade our current subscription Looking forward to your response.,sales
"Good morning, We're looking to upgrade our current subscription Thank you for your assistance.",sales
Quick question: The mobile app won't sync with the web version Please help.,support
I'm interested in purchasing your enterprise plan Appreciate your help.,sales
Need help: I demand to speak with a manager immediately Please help.,complaint
"Hello, Can you reset my network password Please help.",it
URGENT: I need to cancel my subscription and get a refund Thank you for your assistance.,billing
URGENT: When will my refund be processed This is urgent.,billing
"Good morning, I'm interested in purchasing your enterprise plan Please respond ASAP.",sales
"Hello, Can you reset my network password Please respond ASAP.",it
"Good morning, Can I change my direct deposit information",hr
URGENT: I have a question about my benefits package Please respond ASAP.,hr
Need help: I have questions about intellectual property rights Best regards,legal
Quick question: I need legal approval for this vendor agreement Best regards,legal
"Good morning, I'd like to provide feedback on your website This is urgent.",general
Quick question: I need to request parental leave Thank you for your assistance.,hr
Need help: I was charged twice for my subscription This is urgent.,billing
URGENT: I need a refund for last month's payment Thanks!,billing
Need help: Your product quality has significantly declined Please respond ASAP.,complaint
URGENT: I have concerns about data privacy compliance Please help.,legal
I need legal approval for this vendor agreement Please help.,legal
Need help: I need help configuring the settings Best regards,support
Need help: Can you add me to your mailing list This is urgent.,general
"Dear Support Team, I need access to the shared drive Thank you for your assistance.",it
"Good morning, Do you offer volume discounts Best regards",sales
"Good morning, Can you add me to your mailing list Please help.",general
What are your business hours Appreciate your help.,general
The page is showing a 404 error Thank you for your assistance.,support
URGENT: Can you send me an invoice for my recent purchase,billing
"Dear Support Team, Can you provide a quote for 100 licenses Thank you for your assistance.",sales
Need help: I am extremely disappointed with your company Please help.,complaint
Need help: I need the NDA template Thank you for your assistance.,legal
I need the NDA template,legal
"Hello, Can you reset my network password Please respond ASAP.",it
URGENT: Can you help me understand how to use this feature Please help.,support
Need help: I can't access the internal portal,it
"Good morning, Where is your office located Thanks!",general
Quick question: Can you reset my network password Looking forward to your response.,it
URGENT: I want to enroll in the health insurance plan Please respond ASAP.,hr
"Hello, I'd like to schedule a product demo Looking forward to your response.",sales
"Good morning, I need to request parental leave This is urgent.",hr
"Hi, I need software installed on my laptop",it
"Dear Support Team, I have a question about the company policy This is urgent.",hr
Can I get a receipt for tax purposes Thank you for your assistance.,billing
"Hello, Where is your office located Best regards",general
"Dear Support Team, I'm considering legal action if this isn't resolved Thank you for your assistance.",complaint
URGENT: Where is your office located Appreciate your help.,general
"Hello, This is the worst customer experience I've ever had Looking forward to your response.",complaint
"Good morning, I have a question about the company policy Thank you for your assistance.",hr
"Good morning, Do you have a mobile app Appreciate your help.",general
Quick question: Can you add me to your mailing list,general
"Good morning, I need to cancel my subscription and get a refund This is urgent.",billing
"Good morning, I have questions about intellectual property rights Thanks!",legal
"Hello, I want to file a formal complaint Please respond ASAP.",complaint
Need help: Can you provide a quote for 100 licenses Please help.,sales
Quick question: Can you send me a copy of our contract Thank you for your assistance.,legal
"Dear Support Team, Where is your office located Best regards",general
"Hello, I need information about the retirement plan Appreciate your help.",hr
"Dear Support Team, I'm interested in purchasing your enterprise plan",sales
"Hello, I have a question about the company policy Please help.",hr
Need help: I have concerns about data privacy compliance Appreciate your help.,legal
"Dear Support Team, I don't recognize this charge on my statement Appreciate your help.",billing
URGENT: I need to update my personal information,hr
"Hello, I need a refund for last month's payment Best regards",billing
"Hi, Can you help me set up my new work phone This is urgent.",it
"Hi, Can you review this partnership agreement Looking forward to your response.",legal
"Hello, This is not what was promised to me Thank you for your assistance.",complaint
"Hi, The printer is not working Best regards",it
Need help: I need to request parental leave Please respond ASAP.,hr
"Hello, The system is running very slowly Please respond ASAP.",support
"Dear Support Team, I need help configuring the settings Looking forward to your response.",support
Quick question: Can you reset my network password,it
"Good morning, I'm having trouble logging into my account Looking forward to your response.",support
Can you review this partnership agreement Thank you for your assistance.,legal
The video conferencing tool keeps disconnecting,it
"Hello, I need to cancel my subscription and get a refund Please help.",billing
"Hi, Can you clarify the liability clause Please help.",legal
URGENT: The page is showing a 404 error Appreciate your help.,support
Quick question: I have a general question about your services,general
Need help: We're looking to upgrade our current subscription Please respond ASAP.,sales
Need help: Can you send me information about your premium features Thank you for your assistance.,sales
"Dear Support Team, The page is showing a 404 error Looking forward to your response.",support
URGENT: I have a question about my benefits package Please help.,hr
Need help: I need legal approval for this vendor agreement,legal
The page is showing a 404 error Please respond ASAP.,support
